gene,gene_id,chr_accession,start,end,strand,length
MT-CO2,4513,NC_012920.1,7586,8269,+,684
FASTKD2,22868,NC_000002.12,206765606,206796189,+,30584
PRKAG2,51422,NC_000007.14,151556127,151877115,-,320989
PPP1R21,129285,NC_000002.12,48440766,48515386,+,74621
FLNC,2318,NC_000007.14,128830406,128859272,+,28867
CACNA1C,775,NC_000012.12,1970780,2697950,+,727171
COQ4,51117,NC_000009.12,128322839,128334072,+,11234
MMUT,4594,NC_000006.12,49430360,49463253,-,32894
TINF2,26277,NC_000014.9,24239640,24242674,-,3035
ACADVL,37,NC_000017.11,7217125,7225266,+,8142
CAV3,859,NC_000003.12,8733802,8746758,+,12957
LZTR1,8216,NC_000022.11,20982297,20999032,+,16736
CAVIN1,284119,NC_000017.11,42402449,42423256,-,20808
CRYAB,1410,NC_000011.10,111908564,111923740,-,15177
SLC22A5,6584,NC_000005.10,132369710,132395612,+,25903
ACTC1,70,NC_000015.10,34790230,34795549,-,5320
DES,1674,NC_000002.12,219418377,219426734,+,8358
KRAS,3845,NC_000012.12,25205246,25250929,-,45684
MMAA,166785,NC_000004.12,145619385,145660033,+,40649
GLA,2717,NC_000023.11,101397803,101407925,-,10123
CSRP3,8048,NC_000011.10,19182030,19201983,-,19954
PRF1,5551,NC_000010.11,70597348,70602741,-,5394
SPRED2,200734,NC_000002.12,65307175,65432599,-,125425
FXN,2395,NC_000009.12,69035752,69079076,+,43325
HCCS,3052,NC_000023.11,11111332,11123086,+,11755
CBL,867,NC_000011.10,119206339,119308149,+,101811
PPP1CB,5500,NC_000002.12,28751604,28802940,+,51337
TULP3,7289,NC_000012.12,2890891,2941138,+,50248
BAG3,9531,NC_000010.11,119651380,119677819,+,26440
OPA1,4976,NC_000003.12,193593208,193697811,+,104604
MYO6,4646,NC_000006.12,75749239,75919537,+,170299
TCAP,8557,NC_000017.11,39665349,39666554,+,1206
NCF1,653361,NC_000007.14,74774011,74789315,+,15305
MMADHC,27249,NC_000002.12,149569637,149587775,-,18139
NDUFA13,51079,NC_000019.10,19516225,19528198,+,11974
NEXN,91624,NC_000001.11,77888624,77943895,+,55272
MMAB,326625,NC_000012.12,109553715,109573504,-,19790
FHL1,3075,NC_000001.11,196652043,196747504,+,95462
PMPCA,23203,NC_000009.12,136410658,136423761,+,13104
ETFA,2108,NC_000015.10,76215353,76311469,-,96117
CAV1,857,NC_000007.14,116525009,116561185,+,36177
NDUFB11,54539,NC_000023.11,47142216,47145491,-,3276
NAA10,8260,NC_000023.11,153929225,153935037,-,5813
MT-TL1,4567,NC_012920.1,3230,3304,+,75
MYL2,4633,NC_000012.12,110910845,110921449,-,10605
SLC25A3,5250,NC_000012.12,98593686,98606367,+,12682
AGK,55750,NC_000007.14,141551410,141655244,+,103835
TAFAZZIN,6901,NC_000023.11,154411539,154421726,+,10188
MMACHC,25974,NC_000001.11,45500300,45513382,+,13083
COX10,1352,NC_000017.11,14069504,14208677,+,139174
PTPN11,5781,NC_000012.12,112418947,112509918,+,90972
TNNI3,7137,NC_000019.10,55151767,55157732,-,5966
HSD17B10,3028,NC_000023.11,53431258,53434376,-,3119
MYPN,84665,NC_000010.11,68087897,68212017,+,124121
HRAS,3265,NC_000011.10,532242,535576,-,3335
KLHL24,54800,NC_000003.12,183635623,183684519,+,48897
MCEE,84693,NC_000002.12,71109687,71130229,-,20543
MYO18B,84700,NC_000022.11,25742188,26063847,+,321660
SCN5A,6331,NC_000003.12,38548062,38649687,-,101626
ALPK3,57538,NC_000015.10,84817356,84873479,+,56124
TMEM70,54968,NC_000008.11,73976195,73982783,+,6589
AARS2,57505,NC_000006.12,44298731,44313347,-,14617
SHOC2,8036,NC_000010.11,110919370,111013665,+,94296
GAA,2548,NC_000017.11,80101581,80119881,+,18301
PYGL,5836,NC_000014.9,50905217,50944483,-,39267
SCO2,9997,NC_000022.11,50523568,50526442,-,2875
RIT1,64919,NC_000014.9,99169287,99272197,-,102911
NRAS,4893,NC_000001.11,114704469,114716771,-,12303
COQ9,57017,NC_000016.10,57447479,57461270,+,13792
KCNH2,3757,NC_000007.14,150944961,150978321,-,33361
MAPK1,5594,NC_000022.11,21759657,21867680,-,108024
NDUFA11,126328,NC_000019.10,5891229,5903790,-,12562
NDUFS8,4728,NC_000011.10,68030681,68036644,+,5964
TNNC1,7137,NC_000019.10,55151767,55157732,-,5966
GTPBP3,84705,NC_000019.10,17334982,17342731,+,7750
MYH7B,57644,NC_000020.11,34955868,35002437,+,46570
MYH7,4625,NC_000014.9,23412740,23435660,-,22921
TTN,7276,NC_000018.10,31591877,31598821,+,6945
SUCLG1,8802,NC_000002.12,84423528,84459280,-,35753
IDUA,3425,NC_000004.12,986997,1004564,+,17568
ACTN2,88,NC_000001.11,236686499,236764631,+,78133
BSCL2,26580,NC_000011.10,62690262,62709537,-,19276
NDUFAF1,51103,NC_000015.10,41387353,41403026,-,15674
HADHB,3032,NC_000002.12,26244939,26290465,+,45527
TMEM43,79188,NC_000003.12,14125052,14143680,+,18629
MTO1,25821,NC_000006.12,73461737,73509236,+,47500
TPM1,7168,NC_000015.10,63042747,63071915,+,29169
TRIM63,84676,NC_000001.11,26051301,26067630,-,16330
LMNA,4000,NC_000001.11,156082573,156140081,+,57509
ETFDH,2110,NC_000004.12,158672296,158709623,+,37328
FNIP1,96459,NC_000005.10,131641714,131797017,-,155304
SLC25A20,788,NC_000003.12,48856926,48898882,-,41957
MYH6,4624,NC_000014.9,23381987,23408273,-,26287
MAP2K1,5604,NC_000015.10,66386912,66491544,+,104633
COQ7,10229,NC_000016.10,19067614,19083097,+,15484
FLAD1,80308,NC_000001.11,154983344,154993111,+,9768
TNNT2,7139,NC_000001.11,201359014,201377680,-,18667
ELAC2,60528,NC_000017.11,12991612,13018027,-,26416
MYBPC3,4607,NC_000011.10,47331406,47352702,-,21297
FOXRED1,55572,NC_000011.10,126269154,126278126,+,8973
SOS2,6655,NC_000014.9,50117130,50231882,-,114753
RAF1,5894,NC_000003.12,12583601,12664117,-,80517
GJB2,2706,NC_000013.11,20187470,20192938,-,5469
NNT,23530,NC_000005.10,43602675,43707396,+,104722
PKP2,5318,NC_000012.12,32790755,32896777,-,106023
FBXL4,26235,NC_000006.12,98868535,98947946,-,79412
CLN3,1201,NC_000016.10,28466653,28492082,-,25430
SOS1,6654,NC_000002.12,38981549,39124868,-,143320
COX15,1355,NC_000010.11,99694293,99732127,-,37835
MT-ATP6,4508,NC_012920.1,8527,9207,+,681
AGPAT2,10555,NC_000009.12,136673143,136687457,-,14315
COX7B,1349,NC_000023.11,77899468,77907376,+,7909
JPH2,57158,NC_000020.11,44106590,44187188,-,80599
SLC25A4,291,NC_000004.12,185143266,185150382,+,7117
MAP2K2,5605,NC_000019.10,4090321,4124122,-,33802
PIK3CA,5290,NC_000003.12,179148126,179240093,+,91968
NDUFA2,4695,NC_000005.10,140645285,140647630,-,2346
BRAF,673,NC_000007.14,140713328,140924929,-,211602
NDUFS2,4720,NC_000001.11,161197417,161214395,+,16979
SDHD,6392,NC_000011.10,112086873,112095794,+,8922
ETFB,2109,NC_000019.10,51345155,51366388,-,21234
LAMP2,3920,NC_000023.11,120426148,120469349,-,43202
RRAS2,22800,NC_000011.10,14277920,14364506,-,86587
TTR,7276,NC_000018.10,31591877,31598821,+,6945
HFE,3077,NC_000006.12,26087429,26098343,+,10915
